station_id,station_name,lat,lon,population_within_radius,population_density_within_radius,city_average_population_density,residential_density_ratio
adarsh_nagar,Adarsh Nagar,28.7144008,77.1672884,88246.54409777792,28089.747407876555,7581.546434751025,3.70501554658077
aiims,AIIMS,28.5668602,77.2078058,18706.037356380864,5954.31662185933,7581.546434751025,0.7853696700407886
akshardham,Akshardham,28.61784195,77.27948814325397,69700.84576272035,22186.468281645462,7581.546434751025,2.9263776819925336
anand_vihar_isbt,Anand Vihar ISBT,28.6467533,77.3180037,22694.408058630128,7223.854446151058,7581.546434751025,0.9528207085878366
arjan_garh,Arjan Garh,28.4807352,77.1257622,0.0,0.0,7581.546434751025,0.0
arthala,Arthala,28.676999,77.3918919,0.0,0.0,7581.546434751025,0.0
ashok_park_main,Ashok Park Main,28.6716045,77.155291,101865.49669017729,32424.794657505638,7581.546434751025,4.276804862512256
ashram,Ashram,28.5724231,77.2585979,64742.04649662345,20608.033451645893,7581.546434751025,2.7181833718232253
azadpur,Azadpur,28.7076568,77.1755473,81583.2166013085,25968.744390870048,7581.546434751025,3.425256920123691
badarpur_border,Badarpur Border,28.4904999,77.3040379,16762.181952898976,5335.568229619264,7581.546434751025,0.7037572447176447
bahadurgarh_city,Bahadurgarh City,28.6907847,76.9354851,0.0,0.0,7581.546434751025,0.0
barakhambha_road,Barakhambha Road,28.6297676,77.2250046,34751.4521168895,11061.730768048548,7581.546434751025,1.4590335709540254
bata_chowk,Bata Chowk,28.3858361,77.313462,0.0,0.0,7581.546434751025,0.0
bhikaji_cama_place,Bhikaji Cama Place,28.56790025,77.18701648353385,40612.06238875675,12927.220956654168,7581.546434751025,1.7050902567054833
botanical_garden,Botanical Garden,28.5638964,77.334332,0.0,0.0,7581.546434751025,0.0
brigadier_hoshiyar_singh,Brigadier Hoshiyar Singh,28.6974603,76.9192027,0.0,0.0,7581.546434751025,0.0
central_secretariat,Central Secretariat,28.6158794,77.2122822,0.0,0.0,7581.546434751025,0.0
chandni_chowk,Chandni Chowk,28.6605039,77.2297797,59278.860316181315,18869.0472803485,7581.546434751025,2.4888124662614626
chawri_bazar,Chawri Bazar,28.6501605,77.2295008,221547.4952848066,70520.75800841069,7581.546434751025,9.30163240644012
chhatarpur,Chhatarpur,28.5067242,77.1750019,14469.689111204507,4605.845094102342,7581.546434751025,0.6075073382114814
chirag_delhi,Chirag Delhi,28.5381411,77.2280694,49992.771232714076,15913.193321097502,7581.546434751025,2.0989376584382926
civil_lines,Civil Lines,28.6768508,77.2250299,25899.58826242022,8244.094992018021,7581.546434751025,1.0873896325728636
dabri_mor_janakpuri_south,Dabri Mor-Janakpuri South,28.6157555,77.085178,111229.22703627759,35405.36259822853,7581.546434751025,4.66993942501537
dashrath_puri,Dashrath Puri,28.6018751,77.0823561,100481.0598587603,31984.11472726865,7581.546434751025,4.218679526997977
delhi_aerocity,Delhi Aerocity,28.5487982,77.1208089,5064.631177961771,1612.122173819889,7581.546434751025,0.2126376442714263
delhi_cantonment,Delhi Cantonment,28.5938331,77.13497891459929,487.7688713049084,155.26165390906144,7581.546434751025,0.020478889794488236
delhi_gate,Delhi Gate,28.6392036,77.2407823,84990.83647143518,27053.4234838877,7581.546434751025,3.568325237696196
dhaula_kuan,Dhaula Kuan,28.5918905,77.1617034,10380.019969518917,3304.062975083041,7581.546434751025,0.43580330260043376
dilshad_garden,Dilshad Garden,28.67588615,77.32143997586601,73651.95549613678,23444.145571188918,7581.546434751025,3.0922643253531445
durgabai_deshmukh_south_campus,Durgabai Deshmukh South Campus,28.5894384,77.1690817,21920.10932395525,6977.3875040444445,7581.546434751025,0.9203119131556937
dwarka,Dwarka,28.5771915,77.0442935,32091.646946281195,10215.08848692116,7581.546434751025,1.347362121281609
dwarka_mor,Dwarka Mor,28.61931,77.0332792,121000.0797975576,38515.52162859015,7581.546434751025,5.080166950115762
dwarka_sector_8,Dwarka Sector 8,28.5656109,77.0670366,9293.655678177627,2958.2624811520604,7581.546434751025,0.3901924899638511
dwarka_sector_9,Dwarka Sector 9,28.574272,77.0653316,16178.27859979756,5149.706019751218,7581.546434751025,0.6792421657073624
dwarka_sector_10,Dwarka Sector 10,28.5810577,77.0574996,30686.162621790176,9767.708931559322,7581.546434751025,1.2883531104930956
dwarka_sector_11,Dwarka Sector 11,28.5864469,77.0494375,36583.55619503781,11644.907608640797,7581.546434751025,1.5359541366474807
dwarka_sector_12,Dwarka Sector 12,28.5922362,77.0407315,35378.56536578713,11261.3471149295,7581.546434751025,1.48536280979717
dwarka_sector_13,Dwarka Sector 13,28.597009,77.0335407,34577.314997547976,11006.301201410575,7581.546434751025,1.4517224547965217
dwarka_sector_14,Dwarka Sector 14,28.60225285,77.02595656497819,34362.26074734228,10937.84730750426,7581.546434751025,1.442693440136327
dwarka_sector_21,Dwarka Sector 21,28.5518376,77.0586489,7337.870735142403,2335.716798534547,7581.546434751025,0.30807920503242964
east_azad_nagar,East Azad Nagar,28.6646964,77.284881,158926.97645967873,50588.027788414314,7581.546434751025,6.672520998689314
east_vinod_nagar_mayur_vihar_ii,East Vinod Nagar – Mayur Vihar-II,28.6200437,77.3054069,111024.31834961486,35340.13813749885,7581.546434751025,4.661336370046173
escorts_mujesar,Escorts Mujesar,28.3702344,77.3149203,0.0,0.0,7581.546434751025,0.0
esi_hospital,ESI Hospital,28.6580737,77.1272678,73404.00454824216,23365.220333185414,7581.546434751025,3.08185414865862
ghevra,Ghevra,28.6852384,76.9961591,0.0,0.0,7581.546434751025,0.0
ghitorni,Ghitorni,28.493751,77.1491866,1698.0033369312116,540.4912489182708,7581.546434751025,0.07129036979063498
gokulpuri,Gokulpuri,28.7024752,77.2861253,45333.831816606005,14430.206845818966,7581.546434751025,1.903332911037278
golf_course,Golf Course,28.59778075,77.15981693149558,5005.956465081154,1593.4454326409934,7581.546434751025,0.210174196828397
govind_puri,Govind Puri,28.5443766,77.264266,68455.08362644928,21789.929877836945,7581.546434751025,2.874074579027823
greater_kailash,Greater Kailash,28.5418777,77.2384553,45976.71313859646,14634.842326251433,7581.546434751025,1.9303241696404694
green_park,Green Park,28.5585815,77.2067183,36893.485718346856,11743.561239930295,7581.546434751025,1.5489664728691923
gtb_nagar,GTB Nagar,28.6981317,77.2064113,48769.27111703362,15523.741138529402,7581.546434751025,2.047569222470797
guru_dronacharya,Guru Dronacharya,28.4820212,77.1022685,0.0,0.0,7581.546434751025,0.0
haiderpur,Haiderpur,28.7301214,77.14940289658404,66917.13746342114,21300.38640972666,7581.546434751025,2.8095041813756505
harkesh_nagar_okhla,Harkesh Nagar Okhla,28.5431246,77.2755616,50478.212258301704,16067.713998701243,7581.546434751025,2.119318814042046
hauz_khas,Hauz Khas,28.5442564,77.2067072,38921.06210558062,12388.958848979615,7581.546434751025,1.634093908888189
hazrat_nizamuddin,Hazrat Nizamuddin,28.5887494,77.2572494,14854.253096291139,4728.2556124256525,7581.546434751025,0.6236531891110058
hindon,Hindon,28.878965,77.4154832,0.0,0.0,7581.546434751025,0.0
huda_city_centre,HUDA City Centre,28.4593429,77.0726571,0.0,0.0,7581.546434751025,0.0
iffco_chowk,IFFCO Chowk,28.4723277,77.0724222,0.0,0.0,7581.546434751025,0.0
ina,INA,28.57440755,77.21024148189088,26868.000197839086,8552.350084960226,7581.546434751025,1.1280482364072049
inderlok,Inderlok,28.6517178,77.2219388,211576.81237835748,67346.99106728421,7581.546434751025,8.883015048036945
indira_gandhi_international_airport,Indira Gandhi International Airport,28.55489735,77.08467458266915,1079.0592029002785,343.47521206075953,7581.546434751025,0.04530410979037143
indraprastha,Indraprastha,28.6206019,77.249551,12980.285956759803,4131.75334552927,7581.546434751025,0.5449750101893236
ip_extension,IP Extension,28.6288991,77.31019787919774,57206.089416228606,18209.26381109948,7581.546434751025,2.4017875466191043
ito,ITO,28.6305091,77.2414363,29047.30563026191,9246.044549114451,7581.546434751025,1.2195459895535266
jaffrabad,Jaffrabad,28.6826822,77.2748055,193626.22840592128,61633.14272608546,7581.546434751025,8.129362954710897
jahangirpuri,Jahangirpuri,28.7259717,77.162658,89489.6926086593,28485.453868884757,7581.546434751025,3.7572089169457428
jama_masjid,Jama Masjid,28.65001015,77.23767616659065,166390.18698189195,52963.641480305676,7581.546434751025,6.985862572514202
jamia_millia_islamia,Jamia Millia Islamia,28.55849025,77.28116473551759,63262.42597072702,20137.0556104526,7581.546434751025,2.656061765730502
janakpuri_east,Janakpuri East,28.633021,77.086757,75766.06954456482,24117.088973323596,7581.546434751025,3.1810250297722527
janakpuri_west,Janakpuri West,28.6289502,77.0779235,74103.39332082773,23587.84269378535,7581.546434751025,3.111217862581088
jangpura,Jangpura,28.58245705,77.2415000727384,51793.90095462717,16486.5107178819,7581.546434751025,2.1745577712633652
janpath,Janpath,28.6088598,77.2181649,0.0,0.0,7581.546434751025,0.0
jasola_apollo,Jasola Apollo,28.5384251,77.2830377,36498.045165419244,11617.68860253545,7581.546434751025,1.532363971192504
jasola_vihar_shaheen_bagh,Jasola Vihar Shaheen Bagh,28.5458279,77.2966578,18989.83579713062,6044.652471233522,7581.546434751025,0.7972848973828156
jawaharlal_nehru_stadium,Jawaharlal Nehru Stadium,28.58337705,77.23354040287734,40629.531225970626,12932.78146023948,7581.546434751025,1.7058236827463533
jhandewalan,Jhandewalan,28.6443188,77.1999165,61582.88378363699,19602.4407280391,7581.546434751025,2.5855464840508935
jhilmil,Jhilmil,28.6757033,77.31250457549734,78436.90124629508,24967.241108317416,7581.546434751025,3.2931594264036623
jor_bagh,Jor Bagh,28.58823925,77.21652774187173,6662.7081171355485,2120.8058624412347,7581.546434751025,0.27973262192528947
kailash_colony,Kailash Colony,28.5530522,77.2429694,37221.8485289783,11848.082368809379,7581.546434751025,1.5627527273990065
kalindi_kunj,Kalindi Kunj,28.5452187,77.3059891,7732.545459265596,2461.345665049819,7581.546434751025,0.3246495535222095
kalkaji_mandir,Kalkaji Mandir,28.5497752,77.2606671,47629.569917380155,15160.962979384178,7581.546434751025,1.9997190691719422
kanhaiya_nagar,Kanhaiya Nagar,28.6800635,77.1648445,124995.97922799642,39787.455921495006,7581.546434751025,5.247934080984312
karkarduma,Karkarduma,28.6491622,77.3062081096126,42294.24553218394,13462.676481578766,7581.546434751025,1.7757164184698258
karkarduma_court,Karkarduma Court,28.6536001,77.2957877,97204.28689438872,30941.08549792941,7581.546434751025,4.081104793621897
karol_bagh,Karol Bagh,28.6441866,77.189132,44787.2639404752,14256.228887376054,7581.546434751025,1.8803853554244203
kashmere_gate,Kashmere Gate,28.6517178,77.2219388,211576.81237835748,67346.99106728421,7581.546434751025,8.883015048036945
kaushambi,Kaushambi,28.6453286,77.3243485,7009.225160460674,2231.105663062799,7581.546434751025,0.2942810787039739
keshav_puram,Keshav Puram,28.6889264,77.1616833,91580.03990083783,29150.8320775427,7581.546434751025,3.8449717783071256
khan_market,Khan Market,28.6001354,77.22649064087364,0.0,0.0,7581.546434751025,0.0
kirti_nagar,Kirti Nagar†,28.6532807,77.1417729,50276.158331008875,16003.398236101675,7581.546434751025,2.1108356156400987
krishna_nagar,Krishna Nagar,28.6578461,77.2901853,129133.31723426636,41104.41151137466,7581.546434751025,5.421639485444174
kohat_enclave,Kohat Enclave,28.6980415,77.1405393,81309.43211668188,25881.596082729666,7581.546434751025,3.4137621269584173
lajpat_nagar,Lajpat Nagar,28.57060215,77.23653027838046,56020.26725525717,17831.804894006444,7581.546434751025,2.3520010129163094
lal_qila,Lal Qila,17.920861950000003,77.52850191193579,0.0,0.0,7581.546434751025,0.0
laxmi_nagar,Laxmi Nagar,28.63055515,77.2776331681994,140652.11663443505,44770.959237416275,7581.546434751025,5.905254241034868
lok_kalyan_marg,Lok Kalyan Marg,28.598385,77.2029964,10701.47558843551,3406.385476553522,7581.546434751025,0.4492995599077125
madipur,Madipur,28.6764752,77.1193599,81737.39511022723,26017.820934495958,7581.546434751025,3.4317300775524924
majlis_park,Majlis Park,28.7244312,77.181964,43042.084783992264,13700.721108705646,7581.546434751025,1.8071143171934647
major_mohit_sharma,Major Mohit Sharma,28.6776112,77.3581426,0.0,0.0,7581.546434751025,0.0
malviya_nagar,Malviya Nagar,28.5339201,77.2124474,56107.33015609611,17859.51787606332,7581.546434751025,2.3556563334100082
mandawali_west_vinod_nagar,Mandawali – West Vinod Nagar,28.6249712,77.3044906,97432.31068019132,31013.667723235434,7581.546434751025,4.090678331940324
mandi_house,Mandi House,28.6255556,77.234195,40006.779507751875,12734.55343169251,7581.546434751025,1.6796775619973772
mansarovar_park,Mansarovar Park,28.6757386,77.300102,110578.36368940506,35198.186360364336,7581.546434751025,4.642613042509214
maujpur_babarpur,Maujpur-Babarpur,28.69197845,77.27962396808854,168985.8580698336,53789.86924887894,7581.546434751025,7.094841364068672
mayapuri,Mayapuri,28.6371795,77.1297333,85440.88256271239,27196.677603979606,7581.546434751025,3.5872203432429064
mayur_vihar_i,Mayur Vihar -I,28.603133,77.2925892,20549.668256101926,6541.162563714461,7581.546434751025,0.8627741872993316
mayur_vihar_extension,Mayur Vihar Extension,28.59415815,77.29458935,5725.08553703744,1822.3513256868537,7581.546434751025,0.24036670372865676
mayur_vihar_pocket_i,Mayur Vihar Pocket I,28.6058619,77.2987023,45335.49543984109,14430.73639354158,7581.546434751025,1.9034027579645734
mewala_maharajpur,Mewala Maharajpur,28.4418747,77.3023001,0.0,0.0,7581.546434751025,0.0
mg_road,MG Road,28.4794579,77.0804652,0.0,0.0,7581.546434751025,0.0
model_town,Model Town,28.7027136,77.1939912,47950.89576187047,15263.244172371802,7581.546434751025,2.0132098779228857
mohan_estate,Mohan Estate,28.5195895,77.29458455034757,28641.82289293392,9116.975385146086,7581.546434751025,1.2025218685408585
mohan_nagar,Mohan Nagar,28.60631905,77.10608184860985,105811.66931358754,33680.90041612495,7581.546434751025,4.442484222182438
moolchand,Moolchand,28.5644043,77.2342783,52351.04365923141,16663.854748772606,7581.546434751025,2.1979493091794065
moti_nagar,Moti Nagar,28.657859,77.1424288,55935.08430645193,17804.69031926745,7581.546434751025,2.348424621876256
mundka,Mundka,28.6824341,77.0305741,0.0,0.0,7581.546434751025,0.0
mundka_industrial_area,Mundka Industrial Area,28.6834491,77.0171333,0.0,0.0,7581.546434751025,0.0
munirka,Munirka,28.554886,77.1710841,36116.011432940824,11496.083488631877,7581.546434751025,1.5163243525012327
najafgarh,Najafgarh,28.612304,76.9823908,62177.97705174435,19791.86479847909,7581.546434751025,2.6105313696636414
nangli,Nangli,28.6173003,77.0104375,6439.474235308788,2049.7483109245927,7581.546434751025,0.27036018687814123
nangloi,Nangloi,28.6824007,77.0647319,0.0,0.0,7581.546434751025,0.0
nangloi_railway_station,Nangloi Railway station,28.6822009,77.0562463,0.0,0.0,7581.546434751025,0.0
naraina_vihar,Naraina Vihar,28.6273375,77.1403175,100386.85187583475,31954.127394946012,7581.546434751025,4.2147242214965575
nawada,Nawada,28.6202758,77.0450787,126213.38772161231,40174.969080537056,7581.546434751025,5.299046761276795
neelam_chowk_ajronda,Neelam Chowk Ajronda,28.3974824,77.3123599,0.0,0.0,7581.546434751025,0.0
nehru_enclave,Nehru Enclave,28.5460584,77.2515057,52542.68146531677,16724.85495701615,7581.546434751025,2.2059951885746627
nehru_place,Nehru Place,28.54925735,77.25295199508821,43223.92307660394,13758.602034930724,7581.546434751025,1.8147487657486794
netaji_subhash_place,Netaji Subhash Place,28.69605175,77.15264042023938,91142.88075286988,29011.679998908818,7581.546434751025,3.826617728796058
new_ashok_nagar,New Ashok Nagar,28.5890885,77.3015085,1839.4490860017443,585.514829206093,7581.546434751025,0.07722894454913684
new_delhi,New Delhi,28.6436415,77.2217373,171409.98627072515,54561.493220599645,7581.546434751025,7.196617957849575
nirman_vihar,Nirman Vihar,28.63650605,77.28683488664558,114322.85746470495,36390.09574779596,7581.546434751025,4.799824951410589
noida_electronic_city,Noida Electronic City,28.5793538,77.293303,4356.164313144893,1386.6101667150415,7581.546434751025,0.18289278825218686
noida_sector_15,Noida Sector 15,28.4808629,77.0848883,0.0,0.0,7581.546434751025,0.0
noida_sector_16,Noida Sector 16,28.4808629,77.0848883,0.0,0.0,7581.546434751025,0.0
noida_sector_18,Noida Sector 18,28.4808629,77.0848883,0.0,0.0,7581.546434751025,0.0
noida_sector_34,Noida Sector 34,28.4808629,77.0848883,0.0,0.0,7581.546434751025,0.0
noida_sector_52,Noida Sector 52,28.4808629,77.0848883,0.0,0.0,7581.546434751025,0.0
noida_sector_59,Noida Sector 59,28.4808629,77.0848883,0.0,0.0,7581.546434751025,0.0
noida_sector_61,Noida Sector 61,28.4808629,77.0848883,0.0,0.0,7581.546434751025,0.0
noida_sector_62,Noida Sector 62,28.4808629,77.0848883,0.0,0.0,7581.546434751025,0.0
okhla_bird_sanctuary,Okhla Bird Sanctuary,28.5529418,77.321595,921.3169929643581,293.2643071696771,7581.546434751025,0.03868133100464322
okhla_nsic,Okhla NSIC,28.5544828,77.2648487,38103.547822752385,12128.735970658938,7581.546434751025,1.5997707163099688
okhla_vihar,Okhla Vihar,28.5613002,77.2919304,54371.83598670892,17307.092924533048,7581.546434751025,2.2827919176493716
old_faridabad,Old Faridabad,28.4808629,77.0848883,0.0,0.0,7581.546434751025,0.0
palam,Palam,28.5918933,77.0828242,76080.63758162763,24217.219089398117,7581.546434751025,3.1942321131735443
panchsheel_park,Panchsheel Park,28.5433525,77.2140757,48546.06955357416,15452.693874268578,7581.546434751025,2.0381981443045847
pandit_shree_ram_sharma,Pandit Shree Ram Sharma,28.689281,76.9511988,0.0,0.0,7581.546434751025,0.0
paschim_vihar_east,Paschim Vihar East,28.6773985,77.1122953,83576.4220092441,26603.201377410947,7581.546434751025,3.508941296655738
paschim_vihar_west,Paschim Vihar West,28.6786514,77.1022255,57239.058735827195,18219.758271468465,7581.546434751025,2.403171757671467
patel_chowk,Patel Chowk,28.6229664,77.214031,5397.962160911543,1718.224721064162,7581.546434751025,0.22663248663735022
patel_nagar,Patel Nagar,28.6455858,77.1686983,85298.18639156187,27151.256001981823,7581.546434751025,3.581229269734527
peera_garhi,Peera Garhi,28.6798074,77.0926793,78590.19342650195,25016.035524751933,7581.546434751025,3.299595371478253
pitam_pura,Pitam Pura,28.7032676,77.1322497,67593.11638162505,21515.55718224279,7581.546434751025,2.8378850367021924
pratap_nagar,Pratap Nagar,28.6664902,77.19933567849505,133431.77839794036,42472.654195149174,7581.546434751025,5.602109617171257
preet_vihar,Preet Vihar,28.6414952,77.29537442892021,73608.2697499322,23430.23996628668,7581.546434751025,3.090430187025046
pul_bangash,Pul Bangash,28.6663751,77.20752911898111,127603.65410873847,40617.504615988335,7581.546434751025,5.357416849656504
punjabi_bagh,Punjabi Bagh,28.668945,77.1324614,61491.27309855854,19573.280141298557,7581.546434751025,2.581700225640224
punjabi_bagh_west,Punjabi Bagh West,28.6703201,77.1420875,89683.51664124758,28547.149974637614,7581.546434751025,3.765346584674066
r_k_puram,R.K.Puram,28.5514261,77.1847012,42166.27379213574,13421.941811569284,7581.546434751025,1.7703435475971012
raja_nahar_singh,Raja Nahar Singh,28.3400192,77.3164281,0.0,0.0,7581.546434751025,0.0
raj_bagh,Raj Bagh,28.6408602,77.2094999,105235.7806507576,33497.589361405015,7581.546434751025,4.418305638525719
rajdhani_park,Rajdhani Park,28.6823085,77.0439437,0.0,0.0,7581.546434751025,0.0
rajendra_place,Rajendra Place,28.6424955,77.1782756,53573.142854464015,17052.8610045124,7581.546434751025,2.249258927749667
rajiv_chowk,Rajiv Chowk,28.6327804,77.2196996,45222.68062989572,14394.826324228023,7581.546434751025,1.8986662481215473
rajouri_garden,Rajouri Garden,28.6421518,77.11606037769263,79775.64992263567,25393.378047112088,7581.546434751025,3.349366552807507
ramakrishna_ashram_marg,Ramakrishna Ashram Marg,28.6392436,77.2085787,84582.59933871884,26923.47756863676,7581.546434751025,3.5511854738802926
ramesh_nagar,Ramesh Nagar,28.6527444,77.1316496,70554.2505166945,22458.115451751684,7581.546434751025,2.962207729654194
rithala,Rithala,28.7208064,77.1071813,73681.10871746886,23453.42532975302,7581.546434751025,3.0934883181947064
rohini_east,Rohini East,28.7075901,77.1260386,77858.40725418655,24783.100751531343,7581.546434751025,3.2688714584579617
rohini_sector_18,Rohini Sector 18,28.7383477,77.1398323,62180.61034541305,19792.703001887065,7581.546434751025,2.6106419280325954
rohini_west,Rohini West,28.7149569,77.115385,90328.43191389849,28752.432881673314,7581.546434751025,3.79242323833601
sadar_bazaar_cantonment,Sadar Bazaar Cantonment,28.5771509,77.1111533,0.0,0.0,7581.546434751025,0.0
saket,Saket,28.5244107,77.2137253,45959.31180925914,14629.303311090624,7581.546434751025,1.9295935779058568
samaypur_badli,Samaypur Badli,28.7446158,77.1382654,49785.568499537985,15847.23864268325,7581.546434751025,2.0902382883319595
sant_surdas_sihi,Sant Surdas (Sihi),28.3546513,77.3162264,0.0,0.0,7581.546434751025,0.0
sarai,Sarai,28.6517178,77.2219388,211576.81237835748,67346.99106728421,7581.546434751025,8.883015048036945
sarita_vihar,Sarita Vihar,28.5286597,77.28839654806075,23620.188795208836,7518.539607042573,7581.546434751025,0.9916894490786666
sarojini_nagar,Sarojini Nagar,28.5741575,77.1953703,8489.8619561894,2702.4069929907423,7581.546434751025,0.35644535270586764
satguru_ramsingh_marg,Satguru Ramsingh Marg,28.6619327,77.1574772,137274.62819492718,43695.87127664946,7581.546434751025,5.763450986247823
sector_28,Sector 28,28.54525655,77.03257608771955,8596.941776429547,2736.4915583839643,7581.546434751025,0.3609410800204153
seelampur,Seelampur,28.6698302,77.26675403040142,152428.66805493494,48519.55197971315,7581.546434751025,6.399690669612909
shadipur,Shadipur,28.6516362,77.1582947,149249.8801733522,47507.712370924135,7581.546434751025,6.266229822607987
shahdara,Shahdara,28.6734037,77.28974036006097,145769.88047943523,46399.9940644338,7581.546434751025,6.1201226509348094
shaheed_nagar,Shaheed Nagar,28.5307795,77.2120573,53745.03365546664,17107.575545815587,7581.546434751025,2.256475732628998
shaheed_sthal,Shaheed Sthal,28.6706109,77.4155822,0.0,0.0,7581.546434751025,0.0
shakurpur,Shakurpur,28.6857668,77.1496094,97882.12468303094,31156.847967283185,7581.546434751025,4.109563693295029
shalimar_bagh,Shalimar Bagh,28.71745265,77.15086654617409,78431.74371195014,24965.59941414709,7581.546434751025,3.2929428882363565
shankar_vihar,Shankar Vihar,28.55743865,77.13966548999556,1524.0784506706611,485.1292381681462,7581.546434751025,0.0639881642015001
shastri_nagar,Shastri Nagar,28.66997485,77.18199977474701,92513.825540131,29448.065278106165,7581.546434751025,3.884176603222668
shastri_park,Shastri Park,28.6682776,77.25039874373576,50364.147840244055,16031.406166771692,7581.546434751025,2.1145298396234327
shiv_vihar,Shiv Vihar,28.61753755,77.03543016986725,110152.33668264108,35062.57775233007,7581.546434751025,4.6247263739777535
shivaji_park,Shivaji Park,28.6750317,77.1304722,54107.220242550546,17222.86311712756,7581.546434751025,2.271682072431065
shivaji_stadium,Shivaji Stadium,28.6315087,77.2160589,43153.88173650812,13736.307183936662,7581.546434751025,1.8118080924723317
shyam_park,Shyam Park,28.698807199999997,77.26846412516488,139566.9376692585,44425.53604452188,7581.546434751025,5.859693194107674
sikandarpur,Sikandarpur,28.4812704,77.092999,0.0,0.0,7581.546434751025,0.0
sir_vishweshwaraiah_moti_bagh,Sir Vishweshwaraiah Moti Bagh,28.5785326,77.175741,35536.11203642435,11311.495777728667,7581.546434751025,1.4919773789000255
south,South,28.6517178,77.2219388,211576.81237835748,67346.99106728421,7581.546434751025,8.883015048036945
subhash_nagar,Subhash Nagar,28.6418074,77.1087611,104715.25853105946,33331.90202472775,7581.546434751025,4.39645160939021
sukhdev_vihar,Sukhdev Vihar,28.5597477,77.2749004,52687.96677816121,16771.10070841184,7581.546434751025,2.2120949667391434
sultanpur,Sultanpur,28.4616582,76.8700852,0.0,0.0,7581.546434751025,0.0
supreme_court,Supreme Court,28.6222879,77.23943396872133,31966.783957179025,10175.34336307148,7581.546434751025,1.3421197707675367
tagore_garden,Tagore Garden,28.6437639,77.1128454,91715.15368619395,29193.840131181267,7581.546434751025,3.850644506688955
tikri_border,Tikri Border,28.6880254,76.9640828,0.0,0.0,7581.546434751025,0.0
tikri_kalan,Tikri Kalan,28.6868661,76.9772069,0.0,0.0,7581.546434751025,0.0
tilak_nagar,Tilak Nagar,28.6365482,77.0964961,93319.21118048293,29704.427489620648,7581.546434751025,3.9179905768916035
tis_hazari,Tis Hazari,28.6671323,77.21662796383896,62977.98002720956,20046.513654546117,7581.546434751025,2.644119353099291
trilokpuri_sanjay_lake,Trilokpuri Sanjay Lake,28.613453,77.3088549,88759.74809242418,28253.105313001473,7581.546434751025,3.7265623255302653
tughlakabad_station,Tughlakabad Station,28.5023598,77.2992401,34139.577520780294,10866.965035002275,7581.546434751025,1.4333441242530807
udyog_bhawan,Udyog Bhawan,28.6105302,77.2131076,0.0,0.0,7581.546434751025,0.0
udyog_nagar,Udyog Nagar,28.681103,77.0808492,60283.50131349409,19188.8344418587,7581.546434751025,2.530992140851915
uttam_nagar_east,Uttam Nagar East,28.6248465,77.0652861,104440.13480959398,33244.32742426162,7581.546434751025,4.384900588603115
uttam_nagar_west,Uttam Nagar West,28.621757,77.0557122,120760.64142049156,38439.306026038226,7581.546434751025,5.070114172201935
vaishali,Vaishali,28.6440912,77.0683855826679,28271.618358330277,8999.135621871677,7581.546434751025,1.1869788966302368
vasant_vihar,Vasant Vihar,28.56069055,77.16079073168567,13573.428032516827,4320.556332154305,7581.546434751025,0.5698779753363326
vidhan_sabha,Vidhan Sabha,28.6863222,77.2217271,32571.429387637727,10367.80798122234,7581.546434751025,1.367505702227202
vinobapuri,Vinobapuri,28.5669763,77.2491906,64043.81432157646,20385.779247476825,7581.546434751025,2.688868217443858
vishwa_vidyalaya,Vishwa Vidyalaya,28.6950369,77.2147192,46254.37467678836,14723.224738870911,7581.546434751025,1.9419817402139825
welcome,Welcome,28.6517178,77.2219388,211576.81237835748,67346.99106728421,7581.546434751025,8.883015048036945
yamuna_bank,Yamuna Bank,28.6232784,77.26792404925054,31551.3959814924,10043.121263808556,7581.546434751025,1.3246797800742307
