NAME,B01003_001E,state,county,tract,GEOID,population
Census Tract 1.01; King County; Washington,3399,53,033,000101,53033000101,3399
Census Tract 1.02; King County; Washington,4382,53,033,000102,53033000102,4382
Census Tract 2.01; King County; Washington,4691,53,033,000201,53033000201,4691
Census Tract 2.02; King County; Washington,4425,53,033,000202,53033000202,4425
Census Tract 3; King County; Washington,2964,53,033,000300,53033000300,2964
Census Tract 4.02; King County; Washington,5421,53,033,000402,53033000402,5421
Census Tract 4.03; King County; Washington,3298,53,033,000403,53033000403,3298
Census Tract 4.04; King County; Washington,3847,53,033,000404,53033000404,3847
Census Tract 5; King County; Washington,3486,53,033,000500,53033000500,3486
Census Tract 6.01; King County; Washington,4852,53,033,000601,53033000601,4852
Census Tract 6.02; King County; Washington,3700,53,033,000602,53033000602,3700
Census Tract 7; King County; Washington,5508,53,033,000700,53033000700,5508
Census Tract 8; King County; Washington,2636,53,033,000800,53033000800,2636
Census Tract 9; King County; Washington,2092,53,033,000900,53033000900,2092
Census Tract 10; King County; Washington,2055,53,033,001000,53033001000,2055
Census Tract 11; King County; Washington,2549,53,033,001100,53033001100,2549
Census Tract 12.01; King County; Washington,4180,53,033,001201,53033001201,4180
Census Tract 12.02; King County; Washington,3557,53,033,001202,53033001202,3557
Census Tract 13; King County; Washington,4882,53,033,001300,53033001300,4882
Census Tract 14; King County; Washington,5201,53,033,001400,53033001400,5201
Census Tract 15; King County; Washington,2679,53,033,001500,53033001500,2679
Census Tract 16; King County; Washington,4785,53,033,001600,53033001600,4785
Census Tract 17.01; King County; Washington,4109,53,033,001701,53033001701,4109
Census Tract 17.02; King County; Washington,5441,53,033,001702,53033001702,5441
Census Tract 18; King County; Washington,4641,53,033,001800,53033001800,4641
Census Tract 19; King County; Washington,5061,53,033,001900,53033001900,5061
Census Tract 20; King County; Washington,4240,53,033,002000,53033002000,4240
Census Tract 21; King County; Washington,4770,53,033,002100,53033002100,4770
Census Tract 22; King County; Washington,5955,53,033,002200,53033002200,5955
Census Tract 24; King County; Washington,3143,53,033,002400,53033002400,3143
Census Tract 25; King County; Washington,3318,53,033,002500,53033002500,3318
Census Tract 26; King County; Washington,5665,53,033,002600,53033002600,5665
Census Tract 27; King County; Washington,6141,53,033,002700,53033002700,6141
Census Tract 28; King County; Washington,4957,53,033,002800,53033002800,4957
Census Tract 29; King County; Washington,4512,53,033,002900,53033002900,4512
Census Tract 30; King County; Washington,6394,53,033,003000,53033003000,6394
Census Tract 31; King County; Washington,6729,53,033,003100,53033003100,6729
Census Tract 32.01; King County; Washington,4497,53,033,003201,53033003201,4497
Census Tract 32.02; King County; Washington,4811,53,033,003202,53033003202,4811
Census Tract 33.01; King County; Washington,4435,53,033,003301,53033003301,4435
Census Tract 33.02; King County; Washington,3949,53,033,003302,53033003302,3949
Census Tract 34; King County; Washington,3611,53,033,003400,53033003400,3611
Census Tract 35; King County; Washington,4147,53,033,003500,53033003500,4147
Census Tract 36.01; King County; Washington,3641,53,033,003601,53033003601,3641
Census Tract 36.02; King County; Washington,4171,53,033,003602,53033003602,4171
Census Tract 38; King County; Washington,2456,53,033,003800,53033003800,2456
Census Tract 39; King County; Washington,3267,53,033,003900,53033003900,3267
Census Tract 40; King County; Washington,3153,53,033,004000,53033004000,3153
Census Tract 41.01; King County; Washington,4069,53,033,004101,53033004101,4069
Census Tract 41.02; King County; Washington,4099,53,033,004102,53033004102,4099
Census Tract 42.01; King County; Washington,3669,53,033,004201,53033004201,3669
Census Tract 42.02; King County; Washington,4688,53,033,004202,53033004202,4688
Census Tract 43.01; King County; Washington,3912,53,033,004301,53033004301,3912
Census Tract 43.02; King County; Washington,4532,53,033,004302,53033004302,4532
Census Tract 44.01; King County; Washington,3656,53,033,004401,53033004401,3656
Census Tract 44.02; King County; Washington,3315,53,033,004402,53033004402,3315
Census Tract 45; King County; Washington,3676,53,033,004500,53033004500,3676
Census Tract 46; King County; Washington,3625,53,033,004600,53033004600,3625
Census Tract 47.01; King County; Washington,3658,53,033,004701,53033004701,3658
Census Tract 47.02; King County; Washington,3482,53,033,004702,53033004702,3482
Census Tract 47.03; King County; Washington,4074,53,033,004703,53033004703,4074
Census Tract 48; King County; Washington,5110,53,033,004800,53033004800,5110
Census Tract 49.01; King County; Washington,4067,53,033,004901,53033004901,4067
Census Tract 49.02; King County; Washington,3264,53,033,004902,53033004902,3264
Census Tract 50; King County; Washington,4467,53,033,005000,53033005000,4467
Census Tract 51; King County; Washington,3791,53,033,005100,53033005100,3791
Census Tract 52.01; King County; Washington,3697,53,033,005201,53033005201,3697
Census Tract 52.02; King County; Washington,3223,53,033,005202,53033005202,3223
Census Tract 53.03; King County; Washington,3894,53,033,005303,53033005303,3894
Census Tract 53.04; King County; Washington,3541,53,033,005304,53033005304,3541
Census Tract 53.05; King County; Washington,2468,53,033,005305,53033005305,2468
Census Tract 53.06; King County; Washington,3591,53,033,005306,53033005306,3591
Census Tract 53.07; King County; Washington,3004,53,033,005307,53033005307,3004
Census Tract 54.01; King County; Washington,3332,53,033,005401,53033005401,3332
Census Tract 54.02; King County; Washington,3056,53,033,005402,53033005402,3056
Census Tract 56; King County; Washington,7032,53,033,005600,53033005600,7032
Census Tract 57; King County; Washington,6483,53,033,005700,53033005700,6483
Census Tract 58.01; King County; Washington,6104,53,033,005801,53033005801,6104
Census Tract 58.03; King County; Washington,3284,53,033,005803,53033005803,3284
Census Tract 58.04; King County; Washington,2449,53,033,005804,53033005804,2449
Census Tract 59.01; King County; Washington,3832,53,033,005901,53033005901,3832
Census Tract 59.02; King County; Washington,4213,53,033,005902,53033005902,4213
Census Tract 60; King County; Washington,6251,53,033,006000,53033006000,6251
Census Tract 61; King County; Washington,5891,53,033,006100,53033006100,5891
Census Tract 62; King County; Washington,4201,53,033,006200,53033006200,4201
Census Tract 63; King County; Washington,5709,53,033,006300,53033006300,5709
Census Tract 64; King County; Washington,3452,53,033,006400,53033006400,3452
Census Tract 65; King County; Washington,4756,53,033,006500,53033006500,4756
Census Tract 66; King County; Washington,4224,53,033,006600,53033006600,4224
Census Tract 67.01; King County; Washington,3658,53,033,006701,53033006701,3658
Census Tract 67.02; King County; Washington,3086,53,033,006702,53033006702,3086
Census Tract 67.03; King County; Washington,3217,53,033,006703,53033006703,3217
Census Tract 68; King County; Washington,3249,53,033,006800,53033006800,3249
Census Tract 69; King County; Washington,4716,53,033,006900,53033006900,4716
Census Tract 70.01; King County; Washington,3676,53,033,007001,53033007001,3676
Census Tract 70.02; King County; Washington,3842,53,033,007002,53033007002,3842
Census Tract 71.01; King County; Washington,3043,53,033,007101,53033007101,3043
Census Tract 71.02; King County; Washington,2550,53,033,007102,53033007102,2550
Census Tract 72.01; King County; Washington,5418,53,033,007201,53033007201,5418
Census Tract 72.02; King County; Washington,3398,53,033,007202,53033007202,3398
Census Tract 72.03; King County; Washington,3353,53,033,007203,53033007203,3353
Census Tract 73.01; King County; Washington,3178,53,033,007301,53033007301,3178
Census Tract 73.02; King County; Washington,4783,53,033,007302,53033007302,4783
Census Tract 73.03; King County; Washington,3227,53,033,007303,53033007303,3227
Census Tract 74.03; King County; Washington,2793,53,033,007403,53033007403,2793
Census Tract 74.04; King County; Washington,2973,53,033,007404,53033007404,2973
Census Tract 74.05; King County; Washington,2578,53,033,007405,53033007405,2578
Census Tract 74.06; King County; Washington,2490,53,033,007406,53033007406,2490
Census Tract 75.01; King County; Washington,3924,53,033,007501,53033007501,3924
Census Tract 75.02; King County; Washington,2482,53,033,007502,53033007502,2482
Census Tract 75.03; King County; Washington,2228,53,033,007503,53033007503,2228
Census Tract 76; King County; Washington,4536,53,033,007600,53033007600,4536
Census Tract 77; King County; Washington,5474,53,033,007700,53033007700,5474
Census Tract 78; King County; Washington,5754,53,033,007800,53033007800,5754
Census Tract 79.01; King County; Washington,3153,53,033,007901,53033007901,3153
Census Tract 79.02; King County; Washington,3843,53,033,007902,53033007902,3843
Census Tract 80.02; King County; Washington,4263,53,033,008002,53033008002,4263
Census Tract 80.03; King County; Washington,4109,53,033,008003,53033008003,4109
Census Tract 80.04; King County; Washington,3060,53,033,008004,53033008004,3060
Census Tract 81.01; King County; Washington,2661,53,033,008101,53033008101,2661
Census Tract 81.02; King County; Washington,3244,53,033,008102,53033008102,3244
Census Tract 82; King County; Washington,4567,53,033,008200,53033008200,4567
Census Tract 83; King County; Washington,3517,53,033,008300,53033008300,3517
Census Tract 84.01; King County; Washington,3214,53,033,008401,53033008401,3214
Census Tract 84.02; King County; Washington,2753,53,033,008402,53033008402,2753
Census Tract 85; King County; Washington,4314,53,033,008500,53033008500,4314
Census Tract 86; King County; Washington,6721,53,033,008600,53033008600,6721
Census Tract 87; King County; Washington,4767,53,033,008700,53033008700,4767
Census Tract 88; King County; Washington,4274,53,033,008800,53033008800,4274
Census Tract 89; King County; Washington,6117,53,033,008900,53033008900,6117
Census Tract 90; King County; Washington,3890,53,033,009000,53033009000,3890
Census Tract 91; King County; Washington,2762,53,033,009100,53033009100,2762
Census Tract 92; King County; Washington,3130,53,033,009200,53033009200,3130
Census Tract 93; King County; Washington,3224,53,033,009300,53033009300,3224
Census Tract 94; King County; Washington,6382,53,033,009400,53033009400,6382
Census Tract 95; King County; Washington,7052,53,033,009500,53033009500,7052
Census Tract 96; King County; Washington,5786,53,033,009600,53033009600,5786
Census Tract 97.01; King County; Washington,5975,53,033,009701,53033009701,5975
Census Tract 97.02; King County; Washington,5972,53,033,009702,53033009702,5972
Census Tract 98.01; King County; Washington,3291,53,033,009801,53033009801,3291
Census Tract 98.02; King County; Washington,3970,53,033,009802,53033009802,3970
Census Tract 99; King County; Washington,5745,53,033,009900,53033009900,5745
Census Tract 100.01; King County; Washington,4243,53,033,010001,53033010001,4243
Census Tract 100.02; King County; Washington,4974,53,033,010002,53033010002,4974
Census Tract 101.01; King County; Washington,4357,53,033,010101,53033010101,4357
Census Tract 101.02; King County; Washington,4762,53,033,010102,53033010102,4762
Census Tract 102; King County; Washington,5253,53,033,010200,53033010200,5253
Census Tract 103.01; King County; Washington,4036,53,033,010301,53033010301,4036
Census Tract 103.02; King County; Washington,3153,53,033,010302,53033010302,3153
Census Tract 104.01; King County; Washington,4517,53,033,010401,53033010401,4517
Census Tract 104.02; King County; Washington,4768,53,033,010402,53033010402,4768
Census Tract 105.01; King County; Washington,4500,53,033,010501,53033010501,4500
Census Tract 105.02; King County; Washington,5768,53,033,010502,53033010502,5768
Census Tract 106.01; King County; Washington,4233,53,033,010601,53033010601,4233
Census Tract 106.02; King County; Washington,3744,53,033,010602,53033010602,3744
Census Tract 107.01; King County; Washington,4307,53,033,010701,53033010701,4307
Census Tract 107.02; King County; Washington,4919,53,033,010702,53033010702,4919
Census Tract 108; King County; Washington,4893,53,033,010800,53033010800,4893
Census Tract 109; King County; Washington,1317,53,033,010900,53033010900,1317
Census Tract 110.01; King County; Washington,5177,53,033,011001,53033011001,5177
Census Tract 110.02; King County; Washington,4733,53,033,011002,53033011002,4733
Census Tract 111.01; King County; Washington,5069,53,033,011101,53033011101,5069
Census Tract 111.02; King County; Washington,5468,53,033,011102,53033011102,5468
Census Tract 112; King County; Washington,3902,53,033,011200,53033011200,3902
Census Tract 113; King County; Washington,6219,53,033,011300,53033011300,6219
Census Tract 114.01; King County; Washington,5204,53,033,011401,53033011401,5204
Census Tract 114.02; King County; Washington,4379,53,033,011402,53033011402,4379
Census Tract 115; King County; Washington,4220,53,033,011500,53033011500,4220
Census Tract 116.01; King County; Washington,3361,53,033,011601,53033011601,3361
Census Tract 116.02; King County; Washington,3581,53,033,011602,53033011602,3581
Census Tract 117; King County; Washington,5719,53,033,011700,53033011700,5719
Census Tract 118.01; King County; Washington,3226,53,033,011801,53033011801,3226
Census Tract 118.02; King County; Washington,4542,53,033,011802,53033011802,4542
Census Tract 119.01; King County; Washington,4571,53,033,011901,53033011901,4571
Census Tract 119.02; King County; Washington,3180,53,033,011902,53033011902,3180
Census Tract 120; King County; Washington,3308,53,033,012000,53033012000,3308
Census Tract 121; King County; Washington,2842,53,033,012100,53033012100,2842
Census Tract 201; King County; Washington,3416,53,033,020100,53033020100,3416
Census Tract 202; King County; Washington,5695,53,033,020200,53033020200,5695
Census Tract 203.01; King County; Washington,3436,53,033,020301,53033020301,3436
Census Tract 203.02; King County; Washington,3969,53,033,020302,53033020302,3969
Census Tract 204.01; King County; Washington,4090,53,033,020401,53033020401,4090
Census Tract 204.02; King County; Washington,5400,53,033,020402,53033020402,5400
Census Tract 205; King County; Washington,7498,53,033,020500,53033020500,7498
Census Tract 206; King County; Washington,3759,53,033,020600,53033020600,3759
Census Tract 207; King County; Washington,4460,53,033,020700,53033020700,4460
Census Tract 208; King County; Washington,4573,53,033,020800,53033020800,4573
Census Tract 209; King County; Washington,3650,53,033,020900,53033020900,3650
Census Tract 210; King County; Washington,5813,53,033,021000,53033021000,5813
Census Tract 211; King County; Washington,4245,53,033,021100,53033021100,4245
Census Tract 213; King County; Washington,4203,53,033,021300,53033021300,4203
Census Tract 214; King County; Washington,4027,53,033,021400,53033021400,4027
Census Tract 215; King County; Washington,5111,53,033,021500,53033021500,5111
Census Tract 216; King County; Washington,5195,53,033,021600,53033021600,5195
Census Tract 217.01; King County; Washington,4407,53,033,021701,53033021701,4407
Census Tract 217.02; King County; Washington,5082,53,033,021702,53033021702,5082
Census Tract 218.02; King County; Washington,6187,53,033,021802,53033021802,6187
Census Tract 218.03; King County; Washington,6180,53,033,021803,53033021803,6180
Census Tract 218.04; King County; Washington,5148,53,033,021804,53033021804,5148
Census Tract 219.03; King County; Washington,6226,53,033,021903,53033021903,6226
Census Tract 219.04; King County; Washington,5866,53,033,021904,53033021904,5866
Census Tract 219.05; King County; Washington,5653,53,033,021905,53033021905,5653
Census Tract 219.06; King County; Washington,4899,53,033,021906,53033021906,4899
Census Tract 220.01; King County; Washington,5278,53,033,022001,53033022001,5278
Census Tract 220.03; King County; Washington,5411,53,033,022003,53033022003,5411
Census Tract 220.05; King County; Washington,4605,53,033,022005,53033022005,4605
Census Tract 220.06; King County; Washington,4057,53,033,022006,53033022006,4057
Census Tract 221.01; King County; Washington,5178,53,033,022101,53033022101,5178
Census Tract 221.02; King County; Washington,6660,53,033,022102,53033022102,6660
Census Tract 222.01; King County; Washington,4814,53,033,022201,53033022201,4814
Census Tract 222.03; King County; Washington,5216,53,033,022203,53033022203,5216
Census Tract 222.04; King County; Washington,3574,53,033,022204,53033022204,3574
Census Tract 222.05; King County; Washington,4130,53,033,022205,53033022205,4130
Census Tract 223; King County; Washington,2590,53,033,022300,53033022300,2590
Census Tract 224.01; King County; Washington,3661,53,033,022401,53033022401,3661
Census Tract 224.02; King County; Washington,5868,53,033,022402,53033022402,5868
Census Tract 225.01; King County; Washington,4627,53,033,022501,53033022501,4627
Census Tract 225.02; King County; Washington,4023,53,033,022502,53033022502,4023
Census Tract 226.03; King County; Washington,6083,53,033,022603,53033022603,6083
Census Tract 226.04; King County; Washington,4872,53,033,022604,53033022604,4872
Census Tract 226.05; King County; Washington,7264,53,033,022605,53033022605,7264
Census Tract 226.06; King County; Washington,6468,53,033,022606,53033022606,6468
Census Tract 227.01; King County; Washington,3020,53,033,022701,53033022701,3020
Census Tract 227.02; King County; Washington,4035,53,033,022702,53033022702,4035
Census Tract 227.03; King County; Washington,3040,53,033,022703,53033022703,3040
Census Tract 228.02; King County; Washington,6234,53,033,022802,53033022802,6234
Census Tract 228.03; King County; Washington,7442,53,033,022803,53033022803,7442
Census Tract 228.04; King County; Washington,5039,53,033,022804,53033022804,5039
Census Tract 228.05; King County; Washington,3409,53,033,022805,53033022805,3409
Census Tract 229.01; King County; Washington,3176,53,033,022901,53033022901,3176
Census Tract 229.02; King County; Washington,6721,53,033,022902,53033022902,6721
Census Tract 230; King County; Washington,7249,53,033,023000,53033023000,7249
Census Tract 231; King County; Washington,4436,53,033,023100,53033023100,4436
Census Tract 232.01; King County; Washington,6046,53,033,023201,53033023201,6046
Census Tract 232.02; King County; Washington,5122,53,033,023202,53033023202,5122
Census Tract 233; King County; Washington,7759,53,033,023300,53033023300,7759
Census Tract 234.01; King County; Washington,4320,53,033,023401,53033023401,4320
Census Tract 234.03; King County; Washington,4122,53,033,023403,53033023403,4122
Census Tract 234.04; King County; Washington,3667,53,033,023404,53033023404,3667
Census Tract 235; King County; Washington,4045,53,033,023500,53033023500,4045
Census Tract 236.01; King County; Washington,4604,53,033,023601,53033023601,4604
Census Tract 236.03; King County; Washington,6564,53,033,023603,53033023603,6564
Census Tract 236.04; King County; Washington,6238,53,033,023604,53033023604,6238
Census Tract 237.01; King County; Washington,4476,53,033,023701,53033023701,4476
Census Tract 237.02; King County; Washington,1022,53,033,023702,53033023702,1022
Census Tract 238.01; King County; Washington,3293,53,033,023801,53033023801,3293
Census Tract 238.05; King County; Washington,3425,53,033,023805,53033023805,3425
Census Tract 238.06; King County; Washington,3634,53,033,023806,53033023806,3634
Census Tract 238.07; King County; Washington,6027,53,033,023807,53033023807,6027
Census Tract 238.08; King County; Washington,2652,53,033,023808,53033023808,2652
Census Tract 239.01; King County; Washington,4554,53,033,023901,53033023901,4554
Census Tract 239.02; King County; Washington,2764,53,033,023902,53033023902,2764
Census Tract 240.01; King County; Washington,4365,53,033,024001,53033024001,4365
Census Tract 240.02; King County; Washington,4054,53,033,024002,53033024002,4054
Census Tract 241; King County; Washington,4711,53,033,024100,53033024100,4711
Census Tract 242; King County; Washington,2923,53,033,024200,53033024200,2923
Census Tract 243.01; King County; Washington,4706,53,033,024301,53033024301,4706
Census Tract 243.02; King County; Washington,4231,53,033,024302,53033024302,4231
Census Tract 244; King County; Washington,3171,53,033,024400,53033024400,3171
Census Tract 245; King County; Washington,5057,53,033,024500,53033024500,5057
Census Tract 246.01; King County; Washington,4750,53,033,024601,53033024601,4750
Census Tract 246.02; King County; Washington,3549,53,033,024602,53033024602,3549
Census Tract 247.01; King County; Washington,3541,53,033,024701,53033024701,3541
Census Tract 247.03; King County; Washington,3917,53,033,024703,53033024703,3917
Census Tract 247.04; King County; Washington,4379,53,033,024704,53033024704,4379
Census Tract 248; King County; Washington,6113,53,033,024800,53033024800,6113
Census Tract 249.01; King County; Washington,4584,53,033,024901,53033024901,4584
Census Tract 249.02; King County; Washington,4297,53,033,024902,53033024902,4297
Census Tract 249.04; King County; Washington,2999,53,033,024904,53033024904,2999
Census Tract 249.05; King County; Washington,3372,53,033,024905,53033024905,3372
Census Tract 250.01; King County; Washington,5856,53,033,025001,53033025001,5856
Census Tract 250.05; King County; Washington,6330,53,033,025005,53033025005,6330
Census Tract 250.06; King County; Washington,6741,53,033,025006,53033025006,6741
Census Tract 250.07; King County; Washington,4663,53,033,025007,53033025007,4663
Census Tract 250.08; King County; Washington,2450,53,033,025008,53033025008,2450
Census Tract 251.01; King County; Washington,6193,53,033,025101,53033025101,6193
Census Tract 251.03; King County; Washington,4355,53,033,025103,53033025103,4355
Census Tract 251.04; King County; Washington,4386,53,033,025104,53033025104,4386
Census Tract 252.01; King County; Washington,4090,53,033,025201,53033025201,4090
Census Tract 252.02; King County; Washington,5083,53,033,025202,53033025202,5083
Census Tract 253.02; King County; Washington,5252,53,033,025302,53033025302,5252
Census Tract 253.03; King County; Washington,2543,53,033,025303,53033025303,2543
Census Tract 253.04; King County; Washington,4132,53,033,025304,53033025304,4132
Census Tract 254.01; King County; Washington,3498,53,033,025401,53033025401,3498
Census Tract 254.02; King County; Washington,3701,53,033,025402,53033025402,3701
Census Tract 255; King County; Washington,5213,53,033,025500,53033025500,5213
Census Tract 256.01; King County; Washington,5265,53,033,025601,53033025601,5265
Census Tract 256.02; King County; Washington,6937,53,033,025602,53033025602,6937
Census Tract 257.02; King County; Washington,3551,53,033,025702,53033025702,3551
Census Tract 257.03; King County; Washington,3332,53,033,025703,53033025703,3332
Census Tract 257.04; King County; Washington,3856,53,033,025704,53033025704,3856
Census Tract 258.03; King County; Washington,4639,53,033,025803,53033025803,4639
Census Tract 258.04; King County; Washington,3685,53,033,025804,53033025804,3685
Census Tract 258.05; King County; Washington,5321,53,033,025805,53033025805,5321
Census Tract 258.06; King County; Washington,4958,53,033,025806,53033025806,4958
Census Tract 260.01; King County; Washington,5527,53,033,026001,53033026001,5527
Census Tract 260.03; King County; Washington,4273,53,033,026003,53033026003,4273
Census Tract 260.04; King County; Washington,4376,53,033,026004,53033026004,4376
Census Tract 261.01; King County; Washington,3747,53,033,026101,53033026101,3747
Census Tract 261.02; King County; Washington,4407,53,033,026102,53033026102,4407
Census Tract 262; King County; Washington,6140,53,033,026200,53033026200,6140
Census Tract 263; King County; Washington,1781,53,033,026300,53033026300,1781
Census Tract 264; King County; Washington,5827,53,033,026400,53033026400,5827
Census Tract 265; King County; Washington,4474,53,033,026500,53033026500,4474
Census Tract 266; King County; Washington,2275,53,033,026600,53033026600,2275
Census Tract 267; King County; Washington,5681,53,033,026700,53033026700,5681
Census Tract 268.01; King County; Washington,6080,53,033,026801,53033026801,6080
Census Tract 268.02; King County; Washington,6320,53,033,026802,53033026802,6320
Census Tract 270; King County; Washington,3071,53,033,027000,53033027000,3071
Census Tract 271; King County; Washington,4128,53,033,027100,53033027100,4128
Census Tract 272; King County; Washington,2986,53,033,027200,53033027200,2986
Census Tract 273; King County; Washington,6542,53,033,027300,53033027300,6542
Census Tract 274; King County; Washington,5193,53,033,027400,53033027400,5193
Census Tract 275; King County; Washington,4721,53,033,027500,53033027500,4721
Census Tract 276; King County; Washington,4251,53,033,027600,53033027600,4251
Census Tract 277.01; King County; Washington,5737,53,033,027701,53033027701,5737
Census Tract 277.02; King County; Washington,5202,53,033,027702,53033027702,5202
Census Tract 278; King County; Washington,3526,53,033,027800,53033027800,3526
Census Tract 279.01; King County; Washington,4616,53,033,027901,53033027901,4616
Census Tract 279.02; King County; Washington,3695,53,033,027902,53033027902,3695
Census Tract 280; King County; Washington,4017,53,033,028000,53033028000,4017
Census Tract 281; King County; Washington,3111,53,033,028100,53033028100,3111
Census Tract 282; King County; Washington,5150,53,033,028200,53033028200,5150
Census Tract 283; King County; Washington,5466,53,033,028300,53033028300,5466
Census Tract 284.02; King County; Washington,6058,53,033,028402,53033028402,6058
Census Tract 284.03; King County; Washington,5594,53,033,028403,53033028403,5594
Census Tract 285; King County; Washington,4464,53,033,028500,53033028500,4464
Census Tract 286; King County; Washington,6642,53,033,028600,53033028600,6642
Census Tract 287; King County; Washington,5370,53,033,028700,53033028700,5370
Census Tract 288.01; King County; Washington,3384,53,033,028801,53033028801,3384
Census Tract 288.02; King County; Washington,7016,53,033,028802,53033028802,7016
Census Tract 289.01; King County; Washington,3897,53,033,028901,53033028901,3897
Census Tract 289.02; King County; Washington,6876,53,033,028902,53033028902,6876
Census Tract 290.01; King County; Washington,4218,53,033,029001,53033029001,4218
Census Tract 290.03; King County; Washington,5712,53,033,029003,53033029003,5712
Census Tract 290.04; King County; Washington,4726,53,033,029004,53033029004,4726
Census Tract 291.01; King County; Washington,4010,53,033,029101,53033029101,4010
Census Tract 291.02; King County; Washington,4800,53,033,029102,53033029102,4800
Census Tract 292.03; King County; Washington,4335,53,033,029203,53033029203,4335
Census Tract 292.05; King County; Washington,4871,53,033,029205,53033029205,4871
Census Tract 292.06; King County; Washington,4945,53,033,029206,53033029206,4945
Census Tract 292.07; King County; Washington,2569,53,033,029207,53033029207,2569
Census Tract 292.08; King County; Washington,4469,53,033,029208,53033029208,4469
Census Tract 293.04; King County; Washington,5184,53,033,029304,53033029304,5184
Census Tract 293.05; King County; Washington,4698,53,033,029305,53033029305,4698
Census Tract 293.06; King County; Washington,3782,53,033,029306,53033029306,3782
Census Tract 293.07; King County; Washington,3892,53,033,029307,53033029307,3892
Census Tract 293.08; King County; Washington,3420,53,033,029308,53033029308,3420
Census Tract 293.09; King County; Washington,5251,53,033,029309,53033029309,5251
Census Tract 294.03; King County; Washington,6497,53,033,029403,53033029403,6497
Census Tract 294.05; King County; Washington,5747,53,033,029405,53033029405,5747
Census Tract 294.06; King County; Washington,5008,53,033,029406,53033029406,5008
Census Tract 294.07; King County; Washington,5016,53,033,029407,53033029407,5016
Census Tract 294.08; King County; Washington,4551,53,033,029408,53033029408,4551
Census Tract 295.04; King County; Washington,6571,53,033,029504,53033029504,6571
Census Tract 295.05; King County; Washington,4213,53,033,029505,53033029505,4213
Census Tract 295.06; King County; Washington,4517,53,033,029506,53033029506,4517
Census Tract 295.07; King County; Washington,2969,53,033,029507,53033029507,2969
Census Tract 295.08; King County; Washington,4137,53,033,029508,53033029508,4137
Census Tract 296.02; King County; Washington,7132,53,033,029602,53033029602,7132
Census Tract 296.03; King County; Washington,4002,53,033,029603,53033029603,4002
Census Tract 296.04; King County; Washington,3548,53,033,029604,53033029604,3548
Census Tract 297.01; King County; Washington,4848,53,033,029701,53033029701,4848
Census Tract 297.02; King County; Washington,3566,53,033,029702,53033029702,3566
Census Tract 298.03; King County; Washington,4363,53,033,029803,53033029803,4363
Census Tract 298.04; King County; Washington,4511,53,033,029804,53033029804,4511
Census Tract 298.05; King County; Washington,4848,53,033,029805,53033029805,4848
Census Tract 298.06; King County; Washington,5576,53,033,029806,53033029806,5576
Census Tract 299.01; King County; Washington,4838,53,033,029901,53033029901,4838
Census Tract 299.02; King County; Washington,5694,53,033,029902,53033029902,5694
Census Tract 300.03; King County; Washington,7368,53,033,030003,53033030003,7368
Census Tract 300.05; King County; Washington,6218,53,033,030005,53033030005,6218
Census Tract 300.06; King County; Washington,4612,53,033,030006,53033030006,4612
Census Tract 300.07; King County; Washington,4106,53,033,030007,53033030007,4106
Census Tract 300.08; King County; Washington,4613,53,033,030008,53033030008,4613
Census Tract 301.01; King County; Washington,3824,53,033,030101,53033030101,3824
Census Tract 301.02; King County; Washington,3390,53,033,030102,53033030102,3390
Census Tract 302.01; King County; Washington,5972,53,033,030201,53033030201,5972
Census Tract 302.03; King County; Washington,3943,53,033,030203,53033030203,3943
Census Tract 302.04; King County; Washington,3911,53,033,030204,53033030204,3911
Census Tract 303.04; King County; Washington,4387,53,033,030304,53033030304,4387
Census Tract 303.05; King County; Washington,4748,53,033,030305,53033030305,4748
Census Tract 303.06; King County; Washington,5661,53,033,030306,53033030306,5661
Census Tract 303.08; King County; Washington,6313,53,033,030308,53033030308,6313
Census Tract 303.09; King County; Washington,5531,53,033,030309,53033030309,5531
Census Tract 303.10; King County; Washington,7077,53,033,030310,53033030310,7077
Census Tract 303.11; King County; Washington,4984,53,033,030311,53033030311,4984
Census Tract 303.12; King County; Washington,5527,53,033,030312,53033030312,5527
Census Tract 303.13; King County; Washington,5316,53,033,030313,53033030313,5316
Census Tract 303.14; King County; Washington,4812,53,033,030314,53033030314,4812
Census Tract 304.03; King County; Washington,5050,53,033,030403,53033030403,5050
Census Tract 304.04; King County; Washington,4839,53,033,030404,53033030404,4839
Census Tract 304.05; King County; Washington,3638,53,033,030405,53033030405,3638
Census Tract 304.06; King County; Washington,2821,53,033,030406,53033030406,2821
Census Tract 304.07; King County; Washington,2553,53,033,030407,53033030407,2553
Census Tract 305.01; King County; Washington,2699,53,033,030501,53033030501,2699
Census Tract 305.03; King County; Washington,5599,53,033,030503,53033030503,5599
Census Tract 305.04; King County; Washington,5251,53,033,030504,53033030504,5251
Census Tract 306; King County; Washington,5926,53,033,030600,53033030600,5926
Census Tract 307; King County; Washington,4499,53,033,030700,53033030700,4499
Census Tract 308.01; King County; Washington,7127,53,033,030801,53033030801,7127
Census Tract 308.02; King County; Washington,4059,53,033,030802,53033030802,4059
Census Tract 309.01; King County; Washington,4070,53,033,030901,53033030901,4070
Census Tract 309.02; King County; Washington,6148,53,033,030902,53033030902,6148
Census Tract 310; King County; Washington,4550,53,033,031000,53033031000,4550
Census Tract 311.01; King County; Washington,4677,53,033,031101,53033031101,4677
Census Tract 311.02; King County; Washington,3362,53,033,031102,53033031102,3362
Census Tract 312.02; King County; Washington,6046,53,033,031202,53033031202,6046
Census Tract 312.04; King County; Washington,6357,53,033,031204,53033031204,6357
Census Tract 312.06; King County; Washington,5591,53,033,031206,53033031206,5591
Census Tract 312.07; King County; Washington,4809,53,033,031207,53033031207,4809
Census Tract 312.08; King County; Washington,4463,53,033,031208,53033031208,4463
Census Tract 313.01; King County; Washington,2104,53,033,031301,53033031301,2104
Census Tract 313.02; King County; Washington,4822,53,033,031302,53033031302,4822
Census Tract 314; King County; Washington,6355,53,033,031400,53033031400,6355
Census Tract 315.01; King County; Washington,3987,53,033,031501,53033031501,3987
Census Tract 315.02; King County; Washington,4827,53,033,031502,53033031502,4827
Census Tract 316.01; King County; Washington,5809,53,033,031601,53033031601,5809
Census Tract 316.03; King County; Washington,7301,53,033,031603,53033031603,7301
Census Tract 316.04; King County; Washington,5950,53,033,031604,53033031604,5950
Census Tract 316.05; King County; Washington,4129,53,033,031605,53033031605,4129
Census Tract 317.04; King County; Washington,6515,53,033,031704,53033031704,6515
Census Tract 317.05; King County; Washington,4255,53,033,031705,53033031705,4255
Census Tract 317.07; King County; Washington,3032,53,033,031707,53033031707,3032
Census Tract 317.08; King County; Washington,3974,53,033,031708,53033031708,3974
Census Tract 317.09; King County; Washington,3751,53,033,031709,53033031709,3751
Census Tract 317.10; King County; Washington,4468,53,033,031710,53033031710,4468
Census Tract 318; King County; Washington,5069,53,033,031800,53033031800,5069
Census Tract 319.04; King County; Washington,3487,53,033,031904,53033031904,3487
Census Tract 319.06; King County; Washington,3630,53,033,031906,53033031906,3630
Census Tract 319.08; King County; Washington,4234,53,033,031908,53033031908,4234
Census Tract 319.09; King County; Washington,3195,53,033,031909,53033031909,3195
Census Tract 319.10; King County; Washington,4119,53,033,031910,53033031910,4119
Census Tract 319.11; King County; Washington,3649,53,033,031911,53033031911,3649
Census Tract 319.12; King County; Washington,3817,53,033,031912,53033031912,3817
Census Tract 319.13; King County; Washington,3961,53,033,031913,53033031913,3961
Census Tract 320.02; King County; Washington,2907,53,033,032002,53033032002,2907
Census Tract 320.03; King County; Washington,5661,53,033,032003,53033032003,5661
Census Tract 320.05; King County; Washington,7263,53,033,032005,53033032005,7263
Census Tract 320.06; King County; Washington,5407,53,033,032006,53033032006,5407
Census Tract 320.07; King County; Washington,3625,53,033,032007,53033032007,3625
Census Tract 320.08; King County; Washington,4645,53,033,032008,53033032008,4645
Census Tract 320.10; King County; Washington,6828,53,033,032010,53033032010,6828
Census Tract 320.11; King County; Washington,4694,53,033,032011,53033032011,4694
Census Tract 321.02; King County; Washington,5064,53,033,032102,53033032102,5064
Census Tract 321.03; King County; Washington,5319,53,033,032103,53033032103,5319
Census Tract 321.04; King County; Washington,6370,53,033,032104,53033032104,6370
Census Tract 322.07; King County; Washington,3660,53,033,032207,53033032207,3660
Census Tract 322.11; King County; Washington,4772,53,033,032211,53033032211,4772
Census Tract 322.13; King County; Washington,4784,53,033,032213,53033032213,4784
Census Tract 322.15; King County; Washington,5697,53,033,032215,53033032215,5697
Census Tract 322.16; King County; Washington,5266,53,033,032216,53033032216,5266
Census Tract 322.17; King County; Washington,4253,53,033,032217,53033032217,4253
Census Tract 322.18; King County; Washington,6092,53,033,032218,53033032218,6092
Census Tract 322.19; King County; Washington,4465,53,033,032219,53033032219,4465
Census Tract 322.20; King County; Washington,9165,53,033,032220,53033032220,9165
Census Tract 322.21; King County; Washington,6415,53,033,032221,53033032221,6415
Census Tract 322.22; King County; Washington,3929,53,033,032222,53033032222,3929
Census Tract 322.23; King County; Washington,4302,53,033,032223,53033032223,4302
Census Tract 322.24; King County; Washington,2942,53,033,032224,53033032224,2942
Census Tract 322.25; King County; Washington,3706,53,033,032225,53033032225,3706
Census Tract 323.07; King County; Washington,6612,53,033,032307,53033032307,6612
Census Tract 323.11; King County; Washington,6026,53,033,032311,53033032311,6026
Census Tract 323.13; King County; Washington,7481,53,033,032313,53033032313,7481
Census Tract 323.15; King County; Washington,5407,53,033,032315,53033032315,5407
Census Tract 323.16; King County; Washington,5716,53,033,032316,53033032316,5716
Census Tract 323.17; King County; Washington,7012,53,033,032317,53033032317,7012
Census Tract 323.18; King County; Washington,7093,53,033,032318,53033032318,7093
Census Tract 323.19; King County; Washington,6673,53,033,032319,53033032319,6673
Census Tract 323.20; King County; Washington,5093,53,033,032320,53033032320,5093
Census Tract 323.21; King County; Washington,7323,53,033,032321,53033032321,7323
Census Tract 323.22; King County; Washington,3046,53,033,032322,53033032322,3046
Census Tract 323.23; King County; Washington,6884,53,033,032323,53033032323,6884
Census Tract 323.24; King County; Washington,6592,53,033,032324,53033032324,6592
Census Tract 323.25; King County; Washington,6068,53,033,032325,53033032325,6068
Census Tract 323.26; King County; Washington,4045,53,033,032326,53033032326,4045
Census Tract 323.27; King County; Washington,4196,53,033,032327,53033032327,4196
Census Tract 323.28; King County; Washington,3305,53,033,032328,53033032328,3305
Census Tract 323.30; King County; Washington,5431,53,033,032330,53033032330,5431
Census Tract 323.31; King County; Washington,5558,53,033,032331,53033032331,5558
Census Tract 323.32; King County; Washington,6323,53,033,032332,53033032332,6323
Census Tract 323.33; King County; Washington,3240,53,033,032333,53033032333,3240
Census Tract 324.01; King County; Washington,5576,53,033,032401,53033032401,5576
Census Tract 324.02; King County; Washington,7302,53,033,032402,53033032402,7302
Census Tract 325; King County; Washington,5791,53,033,032500,53033032500,5791
Census Tract 326.01; King County; Washington,2740,53,033,032601,53033032601,2740
Census Tract 326.03; King County; Washington,4380,53,033,032603,53033032603,4380
Census Tract 326.04; King County; Washington,5617,53,033,032604,53033032604,5617
Census Tract 326.05; King County; Washington,4485,53,033,032605,53033032605,4485
Census Tract 327.03; King County; Washington,1941,53,033,032703,53033032703,1941
Census Tract 327.04; King County; Washington,7593,53,033,032704,53033032704,7593
Census Tract 327.05; King County; Washington,3635,53,033,032705,53033032705,3635
Census Tract 327.06; King County; Washington,2859,53,033,032706,53033032706,2859
Census Tract 328; King County; Washington,2633,53,033,032800,53033032800,2633
Census Tract 9901; King County; Washington,0,53,033,990100,53033990100,0
